Name,FirstR,FirstG,FirstB,SecondR,SecondG,SecondB,ThirdR,ThirdG,ThirdB,ForthR,ForthG,ForthB,FifthR,FifthG,FifthB
Bleeded,0.8196079,0.4352941,0.345098,0.8,0.3803922,0.2784314,0.7803922,0.3137255,0.2039216,0.7607843,0.254902,0.1372549,0.7411765,0.1921569,0.0627451
Blinded,,,,,,,,,,,,,,,
Burned,0.8196079,0.4352941,0.345098,0.8,0.3803922,0.2784314,0.7803922,0.3137255,0.2039216,0.7607843,0.254902,0.1372549,0.7411765,0.1921569,0.0627451
Frosted,0.345098,0.7647059,0.8196079,0.2784314,0.7411765,0.8,0.2039216,0.7137255,0.7803922,0.1372549,0.6901961,0.7607843,0.0627451,0.6627451,0.7411765
Poisoned,0.5960785,0.3921569,0.6392157,0.509804,0.3294118,0.6039216,0.509804,0.2588235,0.5607843,0.4705882,0.1960784,0.5215687,0.4235294,0.1294118,0.4823529
Sturned,,,,,,,,,,,,,,,
